,experiment,runtime,finished,R,speedup
0,designs/ethernet/random_bug_13/fail_0,3590.42,1,0.884414959567,2.36499687119
1,designs/ethernet/random_bug_13/fail_0_1pass,1518.15,1,1.0,1.0
2,designs/ethernet/random_bug_13/fail_0_multipass_DATE,2431.49,0,1.03638447388,1.60161380628
3,designs/ethernet/random_bug_13/fail_0_multipass_opt,3940.2,1,0.877329090408,2.59539571189
4,designs/ethernet/random_bug_13/fail_0_multipass_v2,4298.66,1,0.914744949541,2.83151203768
5,designs/ethernet/random_bug_13/fail_2,687.26,1,1.02454914927,1.07505318483
6,designs/ethernet/random_bug_13/fail_2_1pass,639.28,1,1.0,1.0
7,designs/ethernet/random_bug_13/fail_2_multipass_DATE,606.62,1,1.00958765227,0.948911275185
8,designs/ethernet/random_bug_13/fail_2_multipass_opt,735.88,1,1.01421886905,1.15110749593
9,designs/ethernet/random_bug_13/fail_2_multipass_v2,551.18,1,1.1575472116,0.862188712301
10,designs/ethernet/random_bug_3/fail_4,5025.78,1,0.654738541192,1.89796750731
11,designs/ethernet/random_bug_3/fail_4_1pass,2647.98,1,1.0,1.0
12,designs/ethernet/random_bug_3/fail_4_multipass_DATE,2761.07,1,1.2620111469,1.0427080265
13,designs/ethernet/random_bug_3/fail_4_multipass_opt,4623.45,1,0.583722848946,1.74602904856
14,designs/ethernet/random_bug_3/fail_4_multipass_v2,2531.44,1,1.53229191311,0.955989093573
15,designs/ethernet/random_bug_8/fail_2,6839.01,1,1.54815936834,0.869581968057
16,designs/ethernet/random_bug_8/fail_2_1pass,7864.71,1,1.0,1.0
17,designs/ethernet/random_bug_8/fail_2_multipass_DATE,3651.79,1,2.12768020369,0.464326084496
18,designs/ethernet/random_bug_8/fail_2_multipass_opt,3638.86,1,2.10681619638,0.462682031505
19,designs/ethernet/random_bug_8/fail_2_multipass_v2,3725.04,1,1.58764246158,0.473639841774
20,designs/ethernet/random_bug_9/fail_0,6393.09,1,1.5473522753,1.0852189589
21,designs/ethernet/random_bug_9/fail_0_1pass,5891.06,1,1.0,1.0
22,designs/ethernet/random_bug_9/fail_0_multipass_DATE,2064.0,1,4.32972936905,0.350361395063
23,designs/ethernet/random_bug_9/fail_0_multipass_opt,4520.61,1,2.44132890036,0.76736784212
24,designs/ethernet/random_bug_9/fail_0_multipass_v2,3582.57,1,3.3274146157,0.608136736003
25,designs/ethernet/random_bug_9/fail_3,7608.3,1,1.48851875968,1.07876610358
26,designs/ethernet/random_bug_9/fail_3_1pass,7052.78,1,1.0,1.0
27,designs/ethernet/random_bug_9/fail_3_multipass_DATE,4170.28,1,3.05308762965,0.591295914519
28,designs/ethernet/random_bug_9/fail_3_multipass_opt,6378.6,1,1.76238819093,0.904409325117
29,designs/ethernet/random_bug_9/fail_3_multipass_v2,3832.07,1,3.40769980369,0.543341774449
30,designs/fdct/buggy1/fail_0,637.11,1,1.13028053589,0.776442629943
31,designs/fdct/buggy1/fail_0_1pass,820.55,1,1.0,1.0
32,designs/fdct/buggy1/fail_0_multipass_DATE,676.82,1,1.54901479095,0.824836999573
33,designs/fdct/buggy1/fail_0_multipass_opt,2196.73,1,1.04821613287,2.67714337944
34,designs/fdct/buggy1/fail_0_multipass_v2,407.53,1,1.27350836376,0.496654682835
35,designs/fdct/buggy2/fail_0,4643.89,1,2.24650117598,0.432569611917
36,designs/fdct/buggy2/fail_0_1pass,10735.59,0,1.0,1.0
37,designs/fdct/buggy2/fail_0_multipass_DATE,3424.59,1,3.35707313761,0.318994112107
38,designs/fdct/buggy2/fail_0_multipass_opt,5307.93,1,2.35274137681,0.494423687939
39,designs/fdct/buggy2/fail_0_multipass_v2,3471.43,1,3.39367622758,0.323357169937
40,designs/fdct/buggy3/fail_1,363.16,1,0.974745525102,1.06661184211
41,designs/fdct/buggy3/fail_1_1pass,340.48,1,1.0,1.0
42,designs/fdct/buggy3/fail_1_multipass_DATE,353.89,1,0.996256121392,1.03938557331
43,designs/fdct/buggy3/fail_1_multipass_opt,358.87,1,1.03370738106,1.05401198308
44,designs/fdct/buggy3/fail_1_multipass_v2,347.65,1,1.03567203203,1.02105850564
45,designs/fdct/buggy4/fail_0,2059.26,1,1.83132332706,0.987162278767
46,designs/fdct/buggy4/fail_0_1pass,2086.04,1,1.0,1.0
47,designs/fdct/buggy4/fail_0_multipass_DATE,1039.6,1,3.94558568753,0.498360529999
48,designs/fdct/buggy4/fail_0_multipass_opt,2227.91,1,1.55135628544,1.06800924239
49,designs/fdct/buggy4/fail_0_multipass_v2,1196.82,1,3.69572043145,0.573728212307
50,designs/fdct/buggy5/fail_1,5553.05,1,2.40961282096,0.517308677628
51,designs/fdct/buggy5/fail_1_1pass,10734.5,0,1.0,1.0
52,designs/fdct/buggy5/fail_1_multipass_DATE,2656.15,1,4.94201474324,0.247440495598
53,designs/fdct/buggy5/fail_1_multipass_opt,4622.94,1,2.80932328632,0.430661884578
54,designs/fdct/buggy5/fail_1_multipass_v2,3763.96,1,4.07500591396,0.350641389911
55,designs/fdct/random_bug_12/fail_0,951.65,1,1.42369032294,0.937327633756
56,designs/fdct/random_bug_12/fail_0_1pass,1015.28,1,1.0,1.0
57,designs/fdct/random_bug_12/fail_0_multipass_DATE,863.51,1,1.97350414129,0.850514143881
58,designs/fdct/random_bug_12/fail_0_multipass_opt,739.81,1,2.45636267761,0.728675833268
59,designs/fdct/random_bug_12/fail_0_multipass_v2,446.33,1,2.09288132925,0.439612717674
60,designs/fdct/random_bug_16/fail_0,683.22,1,1.25584026525,0.731052783633
61,designs/fdct/random_bug_16/fail_0_1pass,934.57,1,1.0,1.0
62,designs/fdct/random_bug_16/fail_0_multipass_DATE,426.87,1,1.39634078642,0.456755513231
63,designs/fdct/random_bug_16/fail_0_multipass_opt,465.24,1,1.62022101529,0.497811827899
64,designs/fdct/random_bug_16/fail_0_multipass_v2,438.12,1,1.40654622155,0.468793134811
65,designs/fdct/random_bug_19/fail_0,918.31,1,2.17951455386,0.487713036874
66,designs/fdct/random_bug_19/fail_0_1pass,1882.89,1,1.0,1.0
67,designs/fdct/random_bug_19/fail_0_multipass_DATE,733.72,1,2.75704856922,0.389677570118
68,designs/fdct/random_bug_19/fail_0_multipass_opt,723.99,1,3.72996741621,0.384509981996
69,designs/fdct/random_bug_19/fail_0_multipass_v2,562.04,1,3.53479580042,0.298498584623
70,designs/fdct/random_bug_22/fail_0,640.68,1,2.22969733554,0.540813397937
71,designs/fdct/random_bug_22/fail_0_1pass,1184.66,1,1.0,1.0
72,designs/fdct/random_bug_22/fail_0_multipass_DATE,660.62,1,2.76557926254,0.557645231543
73,designs/fdct/random_bug_22/fail_0_multipass_opt,689.58,1,2.47554043401,0.582091064103
74,designs/fdct/random_bug_22/fail_0_multipass_v2,409.4,1,4.01554556103,0.345584387082
75,designs/fdct/random_bug_8/fail_0,410.55,1,1.17121177963,0.80762875241
76,designs/fdct/random_bug_8/fail_0_1pass,508.34,1,1.0,1.0
77,designs/fdct/random_bug_8/fail_0_multipass_DATE,360.77,1,1.25991072327,0.70970216784
78,designs/fdct/random_bug_8/fail_0_multipass_opt,375.32,1,1.33853546099,0.738324743282
79,designs/fdct/random_bug_8/fail_0_multipass_v2,402.98,1,1.16252767535,0.792737144431
80,designs/mips789/random_bug_0/fail_0,1965.04,1,0.947366453243,1.97124943572
81,designs/mips789/random_bug_0/fail_0_1pass,996.85,1,1.0,1.0
82,designs/mips789/random_bug_0/fail_0_multipass_DATE,716.85,1,1.46692057792,0.719115212921
83,designs/mips789/random_bug_0/fail_0_multipass_opt,958.51,1,1.66626893107,0.961538847369
84,designs/mips789/random_bug_0/fail_0_multipass_v2,1736.64,1,1.11079566723,1.74212770226
85,designs/mips789/random_bug_10/fail_0,2002.26,1,2.12123425542,1.71251892336
86,designs/mips789/random_bug_10/fail_0_1pass,1169.19,1,1.0,1.0
87,designs/mips789/random_bug_10/fail_0_multipass_DATE,739.17,1,1.43893476753,0.632206912478
88,designs/mips789/random_bug_10/fail_0_multipass_opt,1245.48,1,2.16176042305,1.06525030149
89,designs/mips789/random_bug_10/fail_0_multipass_v2,621.59,1,1.5944516059,0.531641563818
90,designs/mips789/random_bug_10/fail_2,3270.18,1,2.48303959335,1.38448446669
91,designs/mips789/random_bug_10/fail_2_1pass,2362.02,0,1.0,1.0
92,designs/mips789/random_bug_10/fail_2_multipass_DATE,2317.35,0,2.40254578033,0.981088221099
93,designs/mips789/random_bug_10/fail_2_multipass_opt,3609.35,1,2.91441461809,1.52807766234
94,designs/mips789/random_bug_10/fail_2_multipass_v2,3346.84,1,2.46940814713,1.41693973802
95,designs/mips789/random_bug_12/fail_1,890.53,1,1.0330885495,0.298985063001
96,designs/mips789/random_bug_12/fail_1_1pass,2978.51,0,1.0,1.0
97,designs/mips789/random_bug_12/fail_1_multipass_DATE,880.9,1,1.04437317815,0.295751902797
98,designs/mips789/random_bug_12/fail_1_multipass_opt,889.57,1,1.04430691945,0.298662754196
99,designs/mips789/random_bug_12/fail_1_multipass_v2,881.86,1,1.04324596923,0.296074211602
100,designs/mips789/random_bug_13/fail_1_multipass_opt,9822.31,0,1.4024626516,0.833721095058
101,designs/mips789/random_bug_13/fail_1_multipass_v2,7820.71,0,1.39406304507,0.663824589667
102,designs/mips789/random_bug_14/fail_0,680.37,1,1.78681955947,0.70413454075
103,designs/mips789/random_bug_14/fail_0_1pass,966.25,1,1.0,1.0
104,designs/mips789/random_bug_14/fail_0_multipass_DATE,1060.93,1,0.855373820609,1.09798706339
105,designs/mips789/random_bug_14/fail_0_multipass_opt,652.78,1,1.98455878654,0.675580853816
106,designs/mips789/random_bug_14/fail_0_multipass_v2,626.04,1,1.54089019729,0.647906856404
107,designs/mips789/random_bug_16/fail_2,3288.59,1,1.48661939242,0.409133434686
108,designs/mips789/random_bug_16/fail_2_1pass,8037.94,0,1.0,1.0
109,designs/mips789/random_bug_16/fail_2_multipass_DATE,3806.15,1,1.67485598929,0.473523066855
110,designs/mips789/random_bug_16/fail_2_multipass_opt,4366.65,1,1.33841302174,0.543254863808
111,designs/mips789/random_bug_16/fail_2_multipass_v2,4818.65,1,1.54686578082,0.599488177319
112,designs/mips789/random_bug_18/fail_2_multipass_opt,15728.76,0,1.34266519595,0.831121150874
113,designs/mips789/random_bug_18/fail_2_multipass_v2,6481.7,0,1.54507776401,0.342498579902
114,designs/mips789/random_bug_19/fail_2,735.15,1,1.12452331391,0.588713423131
115,designs/mips789/random_bug_19/fail_2_1pass,1248.74,1,1.0,1.0
116,designs/mips789/random_bug_19/fail_2_multipass_DATE,577.1,1,1.37447653466,0.46214584301
117,designs/mips789/random_bug_19/fail_2_multipass_opt,589.82,1,1.37650856618,0.472332110768
118,designs/mips789/random_bug_19/fail_2_multipass_v2,577.31,1,1.38972638983,0.462314012525
119,designs/mips789/random_bug_20/fail_2_multipass_opt,4349.9,1,1.06363035159,0.9106248286
120,designs/mips789/random_bug_20/fail_2_multipass_v2,3297.25,1,1.05204369834,0.69025902115
121,designs/mips789/random_bug_22/fail_1_multipass_opt,13697.48,0,2.29063874834,0.20168118204
122,designs/mips789/random_bug_22/fail_1_multipass_v2,2345.96,0,3.20401687234,0.0345418270965
123,designs/mips789/random_bug_23/fail_1,5910.41,1,0.97655470849,0.585131754412
124,designs/mips789/random_bug_23/fail_1_1pass,10100.99,0,1.0,1.0
125,designs/mips789/random_bug_23/fail_1_multipass_DATE,2990.59,0,1.39205211773,0.296068999177
126,designs/mips789/random_bug_23/fail_1_multipass_opt,3858.74,1,1.4568349722,0.382016020212
127,designs/mips789/random_bug_23/fail_1_multipass_v2,8145.81,1,1.02395635961,0.806436794809
128,designs/mips789/random_bug_25/fail_1_multipass_opt,12311.12,0,1.20751691061,0.843742889491
129,designs/mips789/random_bug_25/fail_1_multipass_v2,7251.58,0,2.14214136971,0.496987200399
130,designs/mips789/random_bug_4/fail_2_multipass_opt,8014.11,0,1.17223610256,1.01163094533
131,designs/mips789/random_bug_4/fail_2_multipass_v2,6738.42,0,1.11826949245,0.850599030292
132,designs/mips789/random_bug_5/fail_1,6006.65,1,1.40518109618,0.565602189094
133,designs/mips789/random_bug_5/fail_1_1pass,10619.92,0,1.0,1.0
134,designs/mips789/random_bug_5/fail_1_multipass_DATE,2518.16,1,1.79998727012,0.237116663779
135,designs/mips789/random_bug_5/fail_1_multipass_opt,2652.33,1,1.97505575377,0.24975046893
136,designs/mips789/random_bug_5/fail_1_multipass_v2,3732.06,1,1.73357849401,0.351420726333
137,designs/mips789/random_bug_5/fail_2,991.25,1,0.998653593561,0.502460981655
138,designs/mips789/random_bug_5/fail_2_1pass,1972.79,1,1.0,1.0
139,designs/mips789/random_bug_5/fail_2_multipass_DATE,879.26,1,1.02519890589,0.445693662275
140,designs/mips789/random_bug_5/fail_2_multipass_opt,1296.14,1,1.02376085515,0.657008602031
141,designs/mips789/random_bug_5/fail_2_multipass_v2,1302.15,1,1.01501880175,0.660055048941
142,designs/mips789/random_bug_7/fail_1_multipass_opt,8742.81,0,1.17125462754,0.934343396561
143,designs/mips789/random_bug_7/fail_1_multipass_v2,7422.48,1,1.53586096866,0.793239836404
144,designs/mips789/random_bug_8/fail_2_multipass_opt,5976.77,1,1.43505967771,0.572421204056
145,designs/mips789/random_bug_8/fail_2_multipass_v2,7077.78,0,1.24658426323,0.677869710503
146,designs/mips789/random_bug_9/fail_2,3777.19,1,3.03445741373,0.424167457425
147,designs/mips789/random_bug_9/fail_2_1pass,8904.95,0,1.0,1.0
148,designs/mips789/random_bug_9/fail_2_multipass_DATE,2407.08,1,6.88635577089,0.270308087075
149,designs/mips789/random_bug_9/fail_2_multipass_opt,2874.1,1,4.24213717533,0.322753075537
150,designs/mips789/random_bug_9/fail_2_multipass_v2,1424.24,1,9.08994927991,0.159938012005
151,designs/scam_core/buggy2/fail_4,55.24,1,0.771631375603,1.16270258893
152,designs/scam_core/buggy2/fail_4_1pass,47.51,1,1.0,1.0
153,designs/scam_core/buggy2/fail_4_multipass_opt,47.73,1,0.997304709845,1.00463060408
154,designs/scam_core/buggy2/fail_4_multipass_v2,47.32,1,1.00443022518,0.996000841928
155,designs/scam_core/buggy4/fail_0_multipass_opt,214.61,1,0.917876067914,1.01097606934
156,designs/scam_core/buggy4/fail_1_multipass_opt,265.56,1,0.982785039701,1.00564244329
157,designs/scam_core/buggy4/fail_2,1021.92,1,0.962913922317,3.17672293202
158,designs/scam_core/buggy4/fail_2_1pass,321.69,1,1.0,1.0
159,designs/scam_core/buggy4/fail_2_multipass_opt,1013.93,1,1.09274943446,3.15188535547
160,designs/scam_core/buggy4/fail_2_multipass_v2,1064.99,1,1.10237158101,3.31060959309
161,designs/scam_core/buggy4/fail_4_multipass_opt,158.34,1,1.04923918202,0.990801576873
162,designs/scam_core/buggy5/fail_0,999.18,1,0.98998113089,3.20558229066
163,designs/scam_core/buggy5/fail_0_1pass,311.7,1,1.0,1.0
164,designs/scam_core/buggy5/fail_0_multipass_opt,992.97,1,1.07633512431,3.18565928777
165,designs/scam_core/buggy5/fail_0_multipass_v2,984.16,1,1.07591848782,3.15739493102
166,designs/scam_core/buggy5/fail_1_multipass_opt,272.92,1,0.999561960452,1.00102699531
167,designs/scam_core/buggy5/fail_2,246.52,1,0.999266630453,0.999351386412
168,designs/scam_core/buggy5/fail_2_1pass,246.68,1,1.0,1.0
169,designs/scam_core/buggy5/fail_2_multipass_opt,245.94,1,1.00693255619,0.997000162154
170,designs/scam_core/buggy5/fail_2_multipass_v2,246.77,1,0.997686320325,1.00036484514
171,designs/scam_core/buggy7/fail_2,1432.75,1,0.409677493622,2.62788650245
172,designs/scam_core/buggy7/fail_2_1pass,545.21,1,1.0,1.0
173,designs/scam_core/buggy7/fail_2_multipass_opt,1371.36,1,0.528517759548,2.51528768731
174,designs/scam_core/buggy7/fail_2_multipass_v2,1082.99,1,0.69839398951,1.98637222355
175,designs/scam_core/buggy7/fail_3,1776.73,1,0.348821037844,2.78667775024
176,designs/scam_core/buggy7/fail_3_1pass,637.58,1,1.0,1.0
177,designs/scam_core/buggy7/fail_3_multipass_opt,1552.04,1,0.591827020231,2.43426707236
178,designs/scam_core/buggy7/fail_3_multipass_v2,1193.33,1,0.78958199269,1.87165532169
179,designs/scam_core/buggy7/fail_4,2060.82,1,0.37999199476,1.91200838722
180,designs/scam_core/buggy7/fail_4_1pass,1077.83,1,1.0,1.0
181,designs/scam_core/buggy7/fail_4_multipass_DATE,1345.0,1,0.91509689168,1.24787768015
182,designs/scam_core/buggy7/fail_4_multipass_opt,3451.86,1,0.606874525107,3.20260152343
183,designs/scam_core/buggy7/fail_4_multipass_v2,1445.04,1,0.887453845781,1.34069380143
184,designs/scam_core/random_bug_0/fail_0,1879.16,1,0.0807295668809,2.71802363423
185,designs/scam_core/random_bug_0/fail_0_1pass,691.37,1,1.0,1.0
186,designs/scam_core/random_bug_0/fail_0_multipass_opt,2270.89,1,0.144576689157,3.2846232842
187,designs/scam_core/random_bug_0/fail_0_multipass_v2,1305.9,1,0.29055171892,1.8888583537
188,designs/scam_core/random_bug_0/fail_1,2112.72,1,0.399348382412,1.5455496463
189,designs/scam_core/random_bug_0/fail_1_1pass,1366.97,1,1.0,1.0
190,designs/scam_core/random_bug_0/fail_1_multipass_DATE,1454.26,1,0.953899323161,1.06385655867
191,designs/scam_core/random_bug_0/fail_1_multipass_opt,2801.98,1,0.630939606092,2.04977431839
192,designs/scam_core/random_bug_0/fail_1_multipass_v2,1482.22,1,1.04816738527,1.08431055546
193,designs/scam_core/random_bug_0/fail_2,2249.48,1,0.145222964869,3.51201386395
194,designs/scam_core/random_bug_0/fail_2_1pass,640.51,1,1.0,1.0
195,designs/scam_core/random_bug_0/fail_2_multipass_opt,1811.41,1,0.267827882812,2.82807450313
196,designs/scam_core/random_bug_0/fail_2_multipass_v2,1523.25,1,0.358026857413,2.37818301041
197,designs/scam_core/random_bug_0/fail_3,1986.43,1,0.671614176339,2.30720001858
198,designs/scam_core/random_bug_0/fail_3_1pass,860.97,1,1.0,1.0
199,designs/scam_core/random_bug_0/fail_3_multipass_opt,2026.64,1,0.882409695583,2.35390315574
200,designs/scam_core/random_bug_0/fail_3_multipass_v2,1456.95,1,1.06374448799,1.69221924109
201,designs/scam_core/random_bug_10/fail_0,1409.25,1,0.72732399018,1.86898225511
202,designs/scam_core/random_bug_10/fail_0_1pass,754.02,1,1.0,1.0
203,designs/scam_core/random_bug_10/fail_0_multipass_opt,2520.11,1,0.860652220899,3.34223230153
204,designs/scam_core/random_bug_10/fail_0_multipass_v2,1885.28,1,0.86324749814,2.5003050317
205,designs/scam_core/random_bug_10/fail_1,1194.96,1,0.882776072542,2.78467561521
206,designs/scam_core/random_bug_10/fail_1_1pass,429.12,1,1.0,1.0
207,designs/scam_core/random_bug_10/fail_1_multipass_opt,1004.67,1,1.24797382554,2.34123322147
208,designs/scam_core/random_bug_10/fail_1_multipass_v2,908.11,1,1.3564499631,2.11621457867
209,designs/scam_core/random_bug_11/fail_0,3126.42,1,0.38525923005,1.99651327637
210,designs/scam_core/random_bug_11/fail_0_1pass,1565.94,1,1.0,1.0
211,designs/scam_core/random_bug_11/fail_0_multipass_DATE,1463.69,1,1.2547391857,0.93470375621
212,designs/scam_core/random_bug_11/fail_0_multipass_opt,1715.89,1,0.951119848087,1.09575718099
213,designs/scam_core/random_bug_11/fail_0_multipass_v2,1336.18,1,1.5847974907,0.85327662618
214,designs/scam_core/random_bug_11/fail_1,2393.47,1,0.442868549426,1.4896714404
215,designs/scam_core/random_bug_11/fail_1_1pass,1606.71,1,1.0,1.0
216,designs/scam_core/random_bug_11/fail_1_multipass_DATE,1776.1,1,1.1354625101,1.10542661712
217,designs/scam_core/random_bug_11/fail_1_multipass_opt,2726.25,1,0.775800537031,1.69679033553
218,designs/scam_core/random_bug_11/fail_1_multipass_v2,1655.6,1,1.27513795244,1.03042863989
219,designs/scam_core/random_bug_12/fail_0,2327.1,1,0.592017281045,1.67310139551
220,designs/scam_core/random_bug_12/fail_0_1pass,1390.89,1,1.0,1.0
221,designs/scam_core/random_bug_12/fail_0_multipass_DATE,1499.48,1,1.75968001148,1.07807231341
222,designs/scam_core/random_bug_12/fail_0_multipass_opt,3750.48,1,1.02346699331,2.69646053966
223,designs/scam_core/random_bug_12/fail_0_multipass_v2,1541.92,1,1.83209991861,1.10858515052
224,designs/scam_core/random_bug_12/fail_1,2006.8,1,0.422395792674,1.4304654644
225,designs/scam_core/random_bug_12/fail_1_1pass,1402.9,1,1.0,1.0
226,designs/scam_core/random_bug_12/fail_1_multipass_DATE,1737.1,1,0.851245645214,1.23822082828
227,designs/scam_core/random_bug_12/fail_1_multipass_opt,1801.08,1,0.73799668902,1.28382635969
228,designs/scam_core/random_bug_12/fail_1_multipass_v2,2582.68,1,0.769359709562,1.84095801554
229,designs/scam_core/random_bug_3/fail_0,2110.31,1,0.273435468684,2.48289291009
230,designs/scam_core/random_bug_3/fail_0_1pass,849.94,1,1.0,1.0
231,designs/scam_core/random_bug_3/fail_0_multipass_opt,2086.75,1,0.435205570463,2.45517330635
232,designs/scam_core/random_bug_3/fail_0_multipass_v2,1653.18,1,0.553685648567,1.94505494505
233,designs/scam_core/random_bug_3/fail_1,2210.88,1,0.780474518323,2.73884766423
234,designs/scam_core/random_bug_3/fail_1_1pass,807.23,1,1.0,1.0
235,designs/scam_core/random_bug_3/fail_1_multipass_opt,1722.42,1,1.17600341539,2.13374131288
236,designs/scam_core/random_bug_3/fail_1_multipass_v2,1444.73,1,1.33602250758,1.78973774513
237,designs/scam_core/random_bug_3/fail_2,2261.85,1,0.145693431715,3.06102149082
238,designs/scam_core/random_bug_3/fail_2_1pass,738.92,1,1.0,1.0
239,designs/scam_core/random_bug_3/fail_2_multipass_opt,2014.95,1,0.314733260557,2.72688518378
240,designs/scam_core/random_bug_3/fail_2_multipass_v2,2095.75,1,0.339710190154,2.83623396308
241,designs/scam_core/random_bug_3/fail_4,1601.75,1,0.71068946903,2.31798382078
242,designs/scam_core/random_bug_3/fail_4_1pass,691.01,1,1.0,1.0
243,designs/scam_core/random_bug_3/fail_4_multipass_opt,1552.51,1,0.904116025502,2.24672580715
244,designs/scam_core/random_bug_3/fail_4_multipass_v2,1289.95,1,0.997585766107,1.86676024949
245,designs/scam_core/random_bug_4/fail_0,1482.13,1,0.843891003895,3.29274415711
246,designs/scam_core/random_bug_4/fail_0_1pass,450.12,1,1.0,1.0
247,designs/scam_core/random_bug_4/fail_0_multipass_opt,1365.03,1,1.10046592936,3.03259130898
248,designs/scam_core/random_bug_4/fail_0_multipass_v2,1460.65,1,1.07222487264,3.24502354928
249,designs/scam_core/random_bug_4/fail_1,1916.17,1,0.83564148003,1.05736642001
250,designs/scam_core/random_bug_4/fail_1_1pass,1812.21,1,1.0,1.0
251,designs/scam_core/random_bug_4/fail_1_multipass_DATE,1276.92,1,1.67062029806,0.704620325459
252,designs/scam_core/random_bug_4/fail_1_multipass_opt,1679.83,1,1.30520357612,0.926951070795
253,designs/scam_core/random_bug_4/fail_1_multipass_v2,1345.82,1,1.49162932166,0.742640201743
254,designs/scam_core/random_bug_4/fail_2,1545.95,1,0.557203665285,1.61221190948
255,designs/scam_core/random_bug_4/fail_2_1pass,958.9,1,1.0,1.0
256,designs/scam_core/random_bug_4/fail_2_multipass_DATE,1407.14,1,0.808707111368,1.46745228908
257,designs/scam_core/random_bug_4/fail_2_multipass_opt,1481.27,1,0.79523883914,1.5447596204
258,designs/scam_core/random_bug_4/fail_2_multipass_v2,1552.83,1,0.786985884713,1.61938679737
259,designs/scam_core/random_bug_4/fail_3,2104.36,1,0.273015021364,3.2366802018
260,designs/scam_core/random_bug_4/fail_3_1pass,650.16,1,1.0,1.0
261,designs/scam_core/random_bug_4/fail_3_multipass_opt,1626.11,1,0.549244540101,2.50109203889
262,designs/scam_core/random_bug_4/fail_3_multipass_v2,1297.15,1,0.679647001179,1.9951242771
263,designs/scam_core/random_bug_6/fail_1,1940.47,1,0.274206999985,2.06073446328
264,designs/scam_core/random_bug_6/fail_1_1pass,941.64,1,1.0,1.0
265,designs/scam_core/random_bug_6/fail_1_multipass_DATE,1240.36,1,0.834571389198,1.31723376237
266,designs/scam_core/random_bug_6/fail_1_multipass_opt,1537.5,1,0.621067482698,1.63278960112
267,designs/scam_core/random_bug_6/fail_1_multipass_v2,1390.0,1,0.823361445825,1.47614799711
268,designs/scam_core/random_bug_6/fail_2_multipass_opt,0.8,1,1.01576576577,0.776699029126
269,designs/scam_core/random_bug_6/fail_3,2705.4,1,0.119092303449,2.97424170798
270,designs/scam_core/random_bug_6/fail_3_1pass,909.61,1,1.0,1.0
271,designs/scam_core/random_bug_6/fail_3_multipass_DATE,1545.53,1,0.356290054196,1.69911280659
272,designs/scam_core/random_bug_6/fail_3_multipass_opt,1725.74,1,0.273279985519,1.89723068128
273,designs/scam_core/random_bug_6/fail_3_multipass_v2,1448.81,1,0.414809890297,1.59278152175
274,designs/scam_core/random_bug_6/fail_4,1947.15,1,0.373005429186,1.22040112817
275,designs/scam_core/random_bug_6/fail_4_1pass,1595.5,1,1.0,1.0
276,designs/scam_core/random_bug_6/fail_4_multipass_DATE,1436.94,1,0.993287148466,0.900620495143
277,designs/scam_core/random_bug_6/fail_4_multipass_opt,1758.96,1,0.702406667254,1.10245064243
278,designs/scam_core/random_bug_6/fail_4_multipass_v2,1260.65,1,1.20887087225,0.790128486368
279,designs/scam_core/random_bug_6/fail_5,1429.52,1,0.799490622882,2.04667411162
280,designs/scam_core/random_bug_6/fail_5_1pass,698.46,1,1.0,1.0
281,designs/scam_core/random_bug_6/fail_5_multipass_opt,2402.05,1,0.882535485,3.43906594508
282,designs/scam_core/random_bug_6/fail_5_multipass_v2,2457.88,1,0.966281501642,3.51899894053
283,designs/scam_core/random_bug_6/fail_6_multipass_opt,0.78,1,0.99294117647,1.04
284,designs/smoac_core/buggy1/fail_0,2679.84,1,1.27189906061,0.306065949729
285,designs/smoac_core/buggy1/fail_0_1pass,8755.76,0,1.0,1.0
286,designs/smoac_core/buggy1/fail_0_multipass_DATE,1708.5,1,2.24754048722,0.195128692426
287,designs/smoac_core/buggy1/fail_0_multipass_opt,3190.65,1,1.56036075975,0.364405831133
288,designs/smoac_core/buggy1/fail_0_multipass_v2,1625.49,1,2.56176802503,0.185648076238
289,designs/smoac_core/buggy1/fail_1,10586.43,0,1.33669107204,1.24478284795
290,designs/smoac_core/buggy1/fail_1_1pass,8504.64,0,1.0,1.0
291,designs/smoac_core/buggy1/fail_1_multipass_DATE,2144.18,1,4.73044071635,0.252118843361
292,designs/smoac_core/buggy1/fail_1_multipass_opt,5626.31,1,1.88266188886,0.661557690861
293,designs/smoac_core/buggy1/fail_1_multipass_v2,2915.65,1,3.63666855519,0.342830501938
294,designs/smoac_core/buggy1/fail_2,2141.4,1,0.971734143132,0.536467192929
295,designs/smoac_core/buggy1/fail_2_1pass,3991.67,1,1.0,1.0
296,designs/smoac_core/buggy1/fail_2_multipass_DATE,1542.8,1,1.66883209782,0.386504896447
297,designs/smoac_core/buggy1/fail_2_multipass_opt,1740.96,1,1.5270404168,0.436148278791
298,designs/smoac_core/buggy1/fail_2_multipass_v2,1666.51,1,1.43622045463,0.417496937372
299,designs/smoac_core/buggy4/fail_0,2273.7,1,1.31539015655,0.427930174564
300,designs/smoac_core/buggy4/fail_0_1pass,5313.25,1,1.0,1.0
301,designs/smoac_core/buggy4/fail_0_multipass_DATE,1595.81,1,2.0103120143,0.300345363008
302,designs/smoac_core/buggy4/fail_0_multipass_opt,3146.61,1,1.54767292557,0.592219451372
303,designs/smoac_core/buggy4/fail_0_multipass_v2,1694.04,1,1.92433506674,0.318833105914
304,designs/smoac_core/buggy4/fail_1,3111.85,1,0.97162506002,0.46536511687
305,designs/smoac_core/buggy4/fail_1_1pass,6686.9,1,1.0,1.0
306,designs/smoac_core/buggy4/fail_1_multipass_DATE,1720.04,1,2.35444429207,0.25722532115
307,designs/smoac_core/buggy4/fail_1_multipass_opt,3273.44,1,1.29049825414,0.489530275614
308,designs/smoac_core/buggy4/fail_1_multipass_v2,1620.25,1,2.30240082641,0.242302113087
309,designs/smoac_core/buggy4/fail_2,2596.83,1,1.49237973836,0.541294940635
310,designs/smoac_core/buggy4/fail_2_1pass,4797.44,1,1.0,1.0
311,designs/smoac_core/buggy4/fail_2_multipass_DATE,2484.21,1,2.22718725174,0.517819920624
312,designs/smoac_core/buggy4/fail_2_multipass_opt,2941.69,1,1.98233860449,0.613179112193
313,designs/smoac_core/buggy4/fail_2_multipass_v2,2769.95,1,2.12582409302,0.577380853122
314,designs/smoac_core/buggy5/fail_0,3037.12,1,1.08840808614,0.534503786432
315,designs/smoac_core/buggy5/fail_0_1pass,5682.13,1,1.0,1.0
316,designs/smoac_core/buggy5/fail_0_multipass_DATE,1636.71,1,2.44915304155,0.288045152082
317,designs/smoac_core/buggy5/fail_0_multipass_opt,3027.11,1,1.51538281575,0.532742123112
318,designs/smoac_core/buggy5/fail_0_multipass_v2,1624.45,1,2.30575572035,0.285887510493
319,designs/smoac_core/buggy5/fail_1,1353.41,1,0.905026325533,3.31198610023
320,designs/smoac_core/buggy5/fail_1_1pass,408.64,1,1.0,1.0
321,designs/smoac_core/buggy5/fail_1_multipass_v2,1148.82,1,1.07313023689,2.81132537197
322,designs/smoac_core/buggy5/fail_2,3053.23,1,1.36944900437,0.451080709737
323,designs/smoac_core/buggy5/fail_2_1pass,6768.7,1,1.0,1.0
324,designs/smoac_core/buggy5/fail_2_multipass_DATE,1603.69,1,3.35255895317,0.236927327256
325,designs/smoac_core/buggy5/fail_2_multipass_opt,3033.39,1,1.77217279737,0.448149570819
326,designs/smoac_core/buggy5/fail_2_multipass_v2,2466.31,1,2.33585955561,0.364369819906
327,designs/smoac_core/buggy6/fail_0,4186.61,1,1.08144156012,1.19945737189
328,designs/smoac_core/buggy6/fail_0_1pass,3490.42,1,1.0,1.0
329,designs/smoac_core/buggy6/fail_0_multipass_DATE,1517.5,1,3.05620170634,0.434761432722
330,designs/smoac_core/buggy6/fail_0_multipass_opt,2148.04,1,2.03115628871,0.615410179864
331,designs/smoac_core/buggy6/fail_0_multipass_v2,2910.58,1,1.7651098391,0.833876725437
332,designs/smoac_core/buggy6/fail_1,5375.73,1,1.31535182038,0.600194939174
333,designs/smoac_core/buggy6/fail_1_1pass,8956.64,0,1.0,1.0
334,designs/smoac_core/buggy6/fail_1_multipass_DATE,2621.23,1,2.46923123464,0.292657737723
335,designs/smoac_core/buggy6/fail_1_multipass_opt,5104.87,1,1.45518668552,0.56995368799
336,designs/smoac_core/buggy6/fail_1_multipass_v2,2980.42,1,1.82166505374,0.332760946069
337,designs/smoac_core/buggy6/fail_2,3816.61,1,1.31352173857,0.699001298513
338,designs/smoac_core/buggy6/fail_2_1pass,5460.09,1,1.0,1.0
339,designs/smoac_core/buggy6/fail_2_multipass_DATE,1587.56,1,2.80738527994,0.290757112062
340,designs/smoac_core/buggy6/fail_2_multipass_opt,2293.32,1,1.9465898826,0.420015054697
341,designs/smoac_core/buggy6/fail_2_multipass_v2,1583.63,1,2.64128940831,0.290037343707
342,designs/smoac_core/buggy7/fail_0,4115.23,1,0.98482625918,0.525120139242
343,designs/smoac_core/buggy7/fail_0_1pass,7836.74,1,1.0,1.0
344,designs/smoac_core/buggy7/fail_0_multipass_DATE,3039.9,1,1.1556113773,0.387903643607
345,designs/smoac_core/buggy7/fail_0_multipass_opt,4275.22,1,0.98354160904,0.545535516044
346,designs/smoac_core/buggy7/fail_0_multipass_v2,1783.68,1,1.3585579167,0.227604845893
347,designs/smoac_core/buggy7/fail_1,2674.7,1,1.2342578644,0.941931757754
348,designs/smoac_core/buggy7/fail_1_1pass,2839.59,1,1.0,1.0
349,designs/smoac_core/buggy7/fail_1_multipass_DATE,2363.52,1,1.87666942817,0.832345514669
350,designs/smoac_core/buggy7/fail_1_multipass_opt,1735.93,1,2.9192151836,0.611331213309
351,designs/smoac_core/buggy7/fail_1_multipass_v2,1650.25,1,2.46124423375,0.58115784321
352,designs/smoac_core/buggy8/fail_0,3966.77,1,1.26564897056,0.606674262642
353,designs/smoac_core/buggy8/fail_0_1pass,6538.55,1,1.0,1.0
354,designs/smoac_core/buggy8/fail_0_multipass_DATE,1511.84,1,3.43453449492,0.231219459972
355,designs/smoac_core/buggy8/fail_0_multipass_opt,2136.57,1,2.50491563735,0.326765108472
356,designs/smoac_core/buggy8/fail_0_multipass_v2,1720.93,1,2.87811880052,0.263197497916
357,designs/smoac_core/buggy9/fail_0,2982.74,1,1.04891941564,0.557887511246
358,designs/smoac_core/buggy9/fail_0_1pass,5346.49,1,1.0,1.0
359,designs/smoac_core/buggy9/fail_0_multipass_DATE,1498.64,1,2.84804411575,0.280303526239
360,designs/smoac_core/buggy9/fail_0_multipass_opt,3047.59,1,1.41561709795,0.570016964401
361,designs/smoac_core/buggy9/fail_0_multipass_v2,1700.13,1,2.39045081937,0.317989933583
362,designs/smoac_core/buggy9/fail_1,4117.91,1,1.31209370331,0.657303846062
363,designs/smoac_core/buggy9/fail_1_1pass,6264.85,1,1.0,1.0
364,designs/smoac_core/buggy9/fail_1_multipass_DATE,1694.94,1,2.98193303836,0.270547578952
365,designs/smoac_core/buggy9/fail_1_multipass_opt,2043.11,1,2.68753370004,0.326122732388
366,designs/smoac_core/buggy9/fail_1_multipass_v2,1586.35,1,2.98228440794,0.253214362674
367,designs/smoac_core/random_bug_0/fail_1,1831.53,1,0.927429071108,0.880488238716
368,designs/smoac_core/random_bug_0/fail_1_1pass,2080.13,1,1.0,1.0
369,designs/smoac_core/random_bug_0/fail_1_multipass_DATE,2422.71,1,1.01114244146,1.16469162985
370,designs/smoac_core/random_bug_0/fail_1_multipass_opt,1720.37,1,1.24571152585,0.827049270959
371,designs/smoac_core/random_bug_0/fail_1_multipass_v2,2323.51,1,1.12275432038,1.11700230274
372,designs/smoac_core/random_bug_1/fail_0,1178.02,1,0.842000614708,2.50770606267
373,designs/smoac_core/random_bug_1/fail_0_1pass,469.76,1,1.0,1.0
374,designs/smoac_core/random_bug_1/fail_0_multipass_v2,1071.5,1,0.873567580957,2.28095197548
375,designs/smoac_core/random_bug_1/fail_1,3932.14,1,1.11675987887,1.15553296032
376,designs/smoac_core/random_bug_1/fail_1_1pass,3402.88,1,1.0,1.0
377,designs/smoac_core/random_bug_1/fail_1_multipass_DATE,3385.65,1,1.34842688756,0.994936641903
378,designs/smoac_core/random_bug_1/fail_1_multipass_opt,5335.19,1,1.11270707349,1.56784547207
379,designs/smoac_core/random_bug_1/fail_1_multipass_v2,3152.56,1,1.48945120395,0.926438781268
380,designs/smoac_core/random_bug_12/fail_1,2999.79,1,1.13302606868,0.373036292755
381,designs/smoac_core/random_bug_12/fail_1_1pass,8041.55,0,1.0,1.0
382,designs/smoac_core/random_bug_12/fail_1_multipass_DATE,2558.21,1,1.71221948801,0.318123993509
383,designs/smoac_core/random_bug_12/fail_1_multipass_opt,2219.82,1,1.91540056134,0.276043797527
384,designs/smoac_core/random_bug_12/fail_1_multipass_v2,1830.06,1,2.18045855536,0.227575529593
385,designs/smoac_core/random_bug_13/fail_0,2489.01,1,1.23304149954,0.753571807021
386,designs/smoac_core/random_bug_13/fail_0_1pass,3302.95,1,1.0,1.0
387,designs/smoac_core/random_bug_13/fail_0_multipass_DATE,1830.39,1,1.72119751134,0.55416824354
388,designs/smoac_core/random_bug_13/fail_0_multipass_opt,1601.01,1,1.91433789388,0.484721234048
389,designs/smoac_core/random_bug_13/fail_0_multipass_v2,1621.17,1,1.90674490928,0.490824868678
390,designs/smoac_core/random_bug_13/fail_1,5676.55,1,2.98623685108,0.649085354001
391,designs/smoac_core/random_bug_13/fail_1_1pass,8745.46,0,1.0,1.0
392,designs/smoac_core/random_bug_13/fail_1_multipass_DATE,4880.95,1,3.10013475189,0.558112437768
393,designs/smoac_core/random_bug_13/fail_1_multipass_opt,4116.09,1,3.87285333044,0.470654488157
394,designs/smoac_core/random_bug_13/fail_1_multipass_v2,5054.89,1,3.25468648113,0.578001614552
395,designs/smoac_core/random_bug_14/fail_0,6332.53,1,2.42296102942,0.739321193696
396,designs/smoac_core/random_bug_14/fail_0_1pass,8565.33,0,1.0,1.0
397,designs/smoac_core/random_bug_14/fail_0_multipass_DATE,2994.31,1,4.86669417768,0.34958489632
398,designs/smoac_core/random_bug_14/fail_0_multipass_opt,4396.09,1,3.16806102483,0.513242338591
399,designs/smoac_core/random_bug_14/fail_0_multipass_v2,3061.48,1,4.67027471283,0.35742697596
400,designs/smoac_core/random_bug_15/fail_0,2454.06,1,1.28781214578,0.983307422307
401,designs/smoac_core/random_bug_15/fail_0_1pass,2495.72,1,1.0,1.0
402,designs/smoac_core/random_bug_15/fail_0_multipass_DATE,1641.42,1,2.04089627205,0.65769397208
403,designs/smoac_core/random_bug_15/fail_0_multipass_opt,1763.0,1,2.24348917481,0.706409372846
404,designs/smoac_core/random_bug_15/fail_0_multipass_v2,1461.62,1,2.51382732766,0.585650633885
405,designs/smoac_core/random_bug_15/fail_1,2428.72,1,1.60293506045,0.746597808211
406,designs/smoac_core/random_bug_15/fail_1_1pass,3253.05,1,1.0,1.0
407,designs/smoac_core/random_bug_15/fail_1_multipass_DATE,1684.47,1,2.45536428763,0.51781251441
408,designs/smoac_core/random_bug_15/fail_1_multipass_opt,1815.3,1,2.64929457907,0.558030156315
409,designs/smoac_core/random_bug_15/fail_1_multipass_v2,1528.39,1,2.88085281348,0.469832926023
410,designs/smoac_core/random_bug_16/fail_0,919.66,1,0.945202176344,2.67560805307
411,designs/smoac_core/random_bug_16/fail_0_1pass,343.72,1,1.0,1.0
412,designs/smoac_core/random_bug_16/fail_0_multipass_v2,859.65,1,0.999626711497,2.50101827069
413,designs/smoac_core/random_bug_17/fail_0,3649.42,1,2.09065136412,0.527915242395
414,designs/smoac_core/random_bug_17/fail_0_1pass,6912.89,1,1.0,1.0
415,designs/smoac_core/random_bug_17/fail_0_multipass_DATE,1823.79,1,3.98699037731,0.263824536482
416,designs/smoac_core/random_bug_17/fail_0_multipass_opt,3146.63,1,2.60811084129,0.455182998717
417,designs/smoac_core/random_bug_17/fail_0_multipass_v2,1829.5,1,3.79497585244,0.264650529663
418,designs/smoac_core/random_bug_17/fail_1,3728.77,1,1.4556829648,0.869353458627
419,designs/smoac_core/random_bug_17/fail_1_1pass,4289.13,1,1.0,1.0
420,designs/smoac_core/random_bug_17/fail_1_multipass_DATE,3469.78,1,1.83365939344,0.808970583778
421,designs/smoac_core/random_bug_17/fail_1_multipass_opt,3084.42,1,1.91771879765,0.719124857489
422,designs/smoac_core/random_bug_17/fail_1_multipass_v2,2825.68,1,1.77611874187,0.658800269519
423,designs/smoac_core/random_bug_18/fail_0,1274.78,1,0.905063300689,2.97804046162
424,designs/smoac_core/random_bug_18/fail_0_1pass,428.06,1,1.0,1.0
425,designs/smoac_core/random_bug_18/fail_0_multipass_v2,1184.81,1,1.10690766221,2.76785964584
426,designs/smoac_core/random_bug_18/fail_1,1224.35,1,0.986529112581,3.69425502384
427,designs/smoac_core/random_bug_18/fail_1_1pass,331.42,1,1.0,1.0
428,designs/smoac_core/random_bug_18/fail_1_multipass_v2,1164.73,1,1.05624332271,3.51436244041
429,designs/smoac_core/random_bug_19/fail_1,1197.52,1,0.917795693168,2.91225680934
430,designs/smoac_core/random_bug_19/fail_1_1pass,411.2,1,1.0,1.0
431,designs/smoac_core/random_bug_19/fail_1_multipass_v2,1068.23,1,1.0358189112,2.59783560311
432,designs/smoac_core/random_bug_20/fail_0,7312.75,1,1.61592096129,0.845128125711
433,designs/smoac_core/random_bug_20/fail_0_1pass,8652.83,0,1.0,1.0
434,designs/smoac_core/random_bug_20/fail_0_multipass_DATE,2684.17,1,3.6569437995,0.310207180772
435,designs/smoac_core/random_bug_20/fail_0_multipass_opt,6132.62,1,1.76975334858,0.708741533117
436,designs/smoac_core/random_bug_20/fail_0_multipass_v2,2974.63,1,2.99171258837,0.343775389092
437,designs/smoac_core/random_bug_21/fail_0,5367.68,1,1.21927752884,0.850196247383
438,designs/smoac_core/random_bug_21/fail_0_1pass,6313.46,1,1.0,1.0
439,designs/smoac_core/random_bug_21/fail_0_multipass_DATE,2851.45,1,2.02254761095,0.451646165494
440,designs/smoac_core/random_bug_21/fail_0_multipass_opt,3234.89,1,1.98252093354,0.512379899453
441,designs/smoac_core/random_bug_21/fail_0_multipass_v2,3080.26,1,1.87792083994,0.48788778261
442,designs/smoac_core/random_bug_21/fail_1,2740.29,1,0.817094224291,1.1565430619
443,designs/smoac_core/random_bug_21/fail_1_1pass,2369.38,1,1.0,1.0
444,designs/smoac_core/random_bug_21/fail_1_multipass_DATE,2654.06,1,1.3900519165,1.12014957499
445,designs/smoac_core/random_bug_21/fail_1_multipass_opt,1989.86,1,1.76222148457,0.839823076079
446,designs/smoac_core/random_bug_21/fail_1_multipass_v2,2775.25,1,1.24166445686,1.17129797669
447,designs/smoac_core/random_bug_22/fail_0,2177.02,1,0.752626751632,1.6063960095
448,designs/smoac_core/random_bug_22/fail_0_1pass,1355.22,1,1.0,1.0
449,designs/smoac_core/random_bug_22/fail_0_multipass_DATE,1283.19,1,1.23777782257,0.94684995794
450,designs/smoac_core/random_bug_22/fail_0_multipass_opt,2550.48,1,0.86038405613,1.88196750343
451,designs/smoac_core/random_bug_22/fail_0_multipass_v2,1493.78,1,1.02921100279,1.10224170245
452,designs/smoac_core/random_bug_22/fail_1,2433.7,1,1.15630777833,0.800675097712
453,designs/smoac_core/random_bug_22/fail_1_1pass,3039.56,1,1.0,1.0
454,designs/smoac_core/random_bug_22/fail_1_multipass_DATE,2600.86,1,1.3761935796,0.855669899591
455,designs/smoac_core/random_bug_22/fail_1_multipass_opt,1782.3,1,1.78295416932,0.586367763755
456,designs/smoac_core/random_bug_22/fail_1_multipass_v2,1723.4,1,1.70683211396,0.566989959073
457,designs/smoac_core/random_bug_3/fail_0,1989.21,1,0.907766000899,0.789318932131
458,designs/smoac_core/random_bug_3/fail_0_1pass,2520.16,1,1.0,1.0
459,designs/smoac_core/random_bug_3/fail_0_multipass_v2,1575.56,1,1.22930024948,0.625182528093
460,designs/smoac_core/random_bug_3/fail_1,7666.82,1,1.49837712738,0.891928364849
461,designs/smoac_core/random_bug_3/fail_1_1pass,8595.78,0,1.0,1.0
462,designs/smoac_core/random_bug_3/fail_1_multipass_v2,3900.92,1,2.55774048171,0.453818036292
463,designs/smoac_core/random_bug_4/fail_0,5363.45,1,1.36265645585,0.695512292664
464,designs/smoac_core/random_bug_4/fail_0_1pass,7711.51,0,1.0,1.0
465,designs/smoac_core/random_bug_4/fail_0_multipass_v2,3621.77,1,1.94373204843,0.4696576935
466,designs/smoac_core/random_bug_4/fail_1,1608.46,1,0.872729165023,1.16929586066
467,designs/smoac_core/random_bug_4/fail_1_1pass,1375.58,1,1.0,1.0
468,designs/smoac_core/random_bug_4/fail_1_multipass_v2,1401.92,1,1.13248994981,1.01914828654
469,designs/smoac_core/random_bug_5/fail_1,2470.37,1,0.921468785537,1.09454669514
470,designs/smoac_core/random_bug_5/fail_1_1pass,2256.98,1,1.0,1.0
471,designs/smoac_core/random_bug_5/fail_1_multipass_v2,2683.74,1,1.14857145939,1.18908452888
472,designs/smoac_core/random_bug_6/fail_0,1336.96,1,0.734372584358,1.80797317034
473,designs/smoac_core/random_bug_6/fail_0_1pass,739.48,1,1.0,1.0
474,designs/smoac_core/random_bug_6/fail_0_multipass_v2,1135.51,1,0.875907833307,1.53555200952
475,designs/smoac_core/random_bug_6/fail_1,1143.47,1,0.726112918075,2.130279263
476,designs/smoac_core/random_bug_6/fail_1_1pass,536.77,1,1.0,1.0
477,designs/smoac_core/random_bug_6/fail_1_multipass_v2,1092.65,1,0.835298880039,2.03560184064
478,designs/smoac_core/random_bug_7/fail_0,3122.93,1,1.1622891482,0.934857837356
479,designs/smoac_core/random_bug_7/fail_0_1pass,3340.54,1,1.0,1.0
480,designs/smoac_core/random_bug_7/fail_0_multipass_v2,1599.66,1,1.80245270636,0.478862698845
481,designs/smoac_core/random_bug_8/fail_0,1497.88,1,1.54609601751,0.686483711892
482,designs/smoac_core/random_bug_8/fail_0_1pass,2181.96,1,1.0,1.0
483,designs/smoac_core/random_bug_8/fail_0_multipass_v2,1073.96,1,2.13550238844,0.492199673688
484,designs/smoac_core/random_bug_8/fail_1,1185.23,1,1.28249178717,0.945498783455
485,designs/smoac_core/random_bug_8/fail_1_1pass,1253.55,1,1.0,1.0
486,designs/smoac_core/random_bug_8/fail_1_multipass_v2,985.55,1,1.71154875245,0.786207171633
487,designs/sudoku_check/buggy11/fail_0,1019.1,1,0.967577134685,1.15884513481
488,designs/sudoku_check/buggy11/fail_0_1pass,879.41,1,1.0,1.0
489,designs/sudoku_check/buggy11/fail_0_multipass_v2,1015.97,1,0.968306178924,1.15528593034
490,designs/sudoku_check/buggy3/fail_0,3288.99,1,1.36380301569,2.1306026469
491,designs/sudoku_check/buggy3/fail_0_1pass,1543.69,1,1.0,1.0
492,designs/sudoku_check/buggy3/fail_0_multipass_DATE,1819.82,1,2.05872812697,1.17887658792
493,designs/sudoku_check/buggy3/fail_0_multipass_v2,1998.61,1,1.82501419694,1.29469647403
494,designs/sudoku_check/buggy4/fail_0,1188.72,1,1.07382109013,0.838094700922
495,designs/sudoku_check/buggy4/fail_0_1pass,1418.36,1,1.0,1.0
496,designs/sudoku_check/buggy4/fail_0_multipass_DATE,1188.05,1,1.03642046983,0.837622324375
497,designs/sudoku_check/buggy4/fail_0_multipass_v2,1179.73,1,1.00144285945,0.831756394709
498,designs/sudoku_check/random_bug_0/fail_0,3181.02,1,0.962125511033,8.94122607302
499,designs/sudoku_check/random_bug_0/fail_0_1pass,355.77,1,1.0,1.0
500,designs/sudoku_check/random_bug_0/fail_0_multipass_opt,1406.2,1,1.63770949456,3.9525536161
501,designs/sudoku_check/random_bug_0/fail_0_multipass_v2,2167.64,1,1.14963652915,6.0928127723
502,designs/sudoku_check/random_bug_0/fail_1,8662.62,1,0.441111422563,13.4291693796
503,designs/sudoku_check/random_bug_0/fail_1_1pass,645.06,1,1.0,1.0
504,designs/sudoku_check/random_bug_0/fail_1_multipass_opt,9340.28,0,0.465986816114,14.479707314
505,designs/sudoku_check/random_bug_0/fail_1_multipass_v2,9843.27,0,0.376209354478,15.2594642359
506,designs/sudoku_check/random_bug_0/fail_2,965.43,1,0.856197660536,1.31965061921
507,designs/sudoku_check/random_bug_0/fail_2_1pass,731.58,1,1.0,1.0
508,designs/sudoku_check/random_bug_0/fail_2_multipass_opt,1171.54,1,0.703442805405,1.60138330736
509,designs/sudoku_check/random_bug_0/fail_2_multipass_v2,790.19,1,1.03224171588,1.08011427322
510,designs/sudoku_check/random_bug_10/fail_0,4501.34,1,0.499083092833,3.40884065763
511,designs/sudoku_check/random_bug_10/fail_0_1pass,1320.49,1,1.0,1.0
512,designs/sudoku_check/random_bug_10/fail_0_multipass_DATE,5815.42,1,0.331440306457,4.40398639899
513,designs/sudoku_check/random_bug_10/fail_0_multipass_opt,4225.9,1,0.664263314526,3.20025142182
514,designs/sudoku_check/random_bug_10/fail_0_multipass_v2,2407.82,1,1.04566582919,1.82342918159
515,designs/sudoku_check/random_bug_13/fail_1,14495.06,0,0.205330306026,16.2926253555
516,designs/sudoku_check/random_bug_13/fail_1_1pass,889.67,1,1.0,1.0
517,designs/sudoku_check/random_bug_13/fail_1_multipass_opt,9266.96,0,0.34961918717,10.4161767847
518,designs/sudoku_check/random_bug_13/fail_1_multipass_v2,4313.6,1,0.524850003273,4.84853934605
519,designs/sudoku_check/random_bug_15/fail_0_multipass_DATE,925.68,1,1.06151107515,1.00036743251
520,designs/sudoku_check/random_bug_16/fail_4,153.42,1,0.991492923748,1.01798155398
521,designs/sudoku_check/random_bug_16/fail_4_1pass,150.71,1,1.0,1.0
522,designs/sudoku_check/random_bug_16/fail_4_multipass_opt,153.52,1,0.984568115424,1.01864507995
523,designs/sudoku_check/random_bug_16/fail_4_multipass_v2,153.15,1,0.994229282316,1.01619003384
524,designs/sudoku_check/random_bug_17/fail_2,2312.84,1,0.877663152194,3.33185432753
525,designs/sudoku_check/random_bug_17/fail_2_1pass,694.16,1,1.0,1.0
526,designs/sudoku_check/random_bug_17/fail_2_multipass_opt,2037.71,1,1.22050081111,2.93550478276
527,designs/sudoku_check/random_bug_17/fail_2_multipass_v2,1947.85,1,1.04868515718,2.80605335946
528,designs/sudoku_check/random_bug_19/fail_0,3072.91,1,1.38764897777,1.34918774148
529,designs/sudoku_check/random_bug_19/fail_0_1pass,2277.6,1,1.0,1.0
530,designs/sudoku_check/random_bug_19/fail_0_multipass_DATE,3373.28,1,1.40233978201,1.48106779066
531,designs/sudoku_check/random_bug_19/fail_0_multipass_opt,3677.42,1,1.42809794999,1.61460309097
532,designs/sudoku_check/random_bug_19/fail_0_multipass_v2,3372.53,1,1.51436297333,1.48073849666
533,designs/sudoku_check/random_bug_2/fail_1,7042.17,1,0.670582947366,3.03348295053
534,designs/sudoku_check/random_bug_2/fail_1_1pass,2321.48,1,1.0,1.0
535,designs/sudoku_check/random_bug_2/fail_1_multipass_DATE,8491.48,0,0.404795314042,3.65778727364
536,designs/sudoku_check/random_bug_2/fail_1_multipass_opt,8420.47,0,0.607123901966,3.62719902821
537,designs/sudoku_check/random_bug_2/fail_1_multipass_v2,8782.73,0,0.470502222445,3.7832460327
538,designs/sudoku_check/random_bug_20/fail_0,1680.68,1,0.895799358652,1.48003205439
539,designs/sudoku_check/random_bug_20/fail_0_1pass,1135.57,1,1.0,1.0
540,designs/sudoku_check/random_bug_20/fail_0_multipass_DATE,1136.08,1,0.738743504475,1.00044911366
541,designs/sudoku_check/random_bug_20/fail_0_multipass_opt,1920.98,1,0.759752202523,1.69164384406
542,designs/sudoku_check/random_bug_20/fail_0_multipass_v2,1235.69,1,0.775886891034,1.08816717596
543,designs/sudoku_check/random_bug_21/fail_0,914.14,1,1.00005159176,0.565253954317
544,designs/sudoku_check/random_bug_21/fail_0_1pass,1617.22,1,1.0,1.0
545,designs/sudoku_check/random_bug_21/fail_0_multipass_DATE,914.36,1,0.999909323569,0.56538999023
546,designs/sudoku_check/random_bug_21/fail_0_multipass_opt,912.29,1,1.00004062585,0.564110015953
547,designs/sudoku_check/random_bug_21/fail_0_multipass_v2,914.89,1,0.999912450343,0.565717713113
548,designs/sudoku_check/random_bug_3/fail_4,7327.1,0,0.815883195344,12.8982343725
549,designs/sudoku_check/random_bug_3/fail_4_1pass,568.07,1,1.0,1.0
550,designs/sudoku_check/random_bug_3/fail_4_multipass_opt,7322.36,0,0.952053294928,12.8898903304
551,designs/sudoku_check/random_bug_3/fail_4_multipass_v2,7014.18,0,0.850644381075,12.3473867657
552,designs/sudoku_check/random_bug_6/fail_0,3118.96,1,1.05300615976,5.18564825591
553,designs/sudoku_check/random_bug_6/fail_0_1pass,601.46,1,1.0,1.0
554,designs/sudoku_check/random_bug_6/fail_0_multipass_opt,2415.41,1,1.52695789996,4.01591128255
555,designs/sudoku_check/random_bug_6/fail_0_multipass_v2,2725.63,1,1.42687131438,4.53168955542
556,designs/vga/buggy1/fail_0,3284.26,1,0.984705944939,0.311068089536
557,designs/vga/buggy1/fail_0_1pass,10558.01,0,1.0,1.0
558,designs/vga/buggy1/fail_0_multipass_DATE,2524.92,1,0.962936722964,0.239147339319
559,designs/vga/buggy1/fail_0_multipass_opt,3764.13,1,1.00116749243,0.35651888945
560,designs/vga/buggy1/fail_0_multipass_v2,2637.61,1,0.952797545581,0.249820752206
561,designs/vga/buggy10/fail_0,4303.1,1,1.00509783563,0.434191673562
562,designs/vga/buggy10/fail_0_1pass,9910.6,0,1.0,1.0
563,designs/vga/buggy10/fail_0_multipass_DATE,3398.29,1,0.974563164312,0.342894476621
564,designs/vga/buggy10/fail_0_multipass_opt,4700.24,1,1.03464797744,0.47426391944
565,designs/vga/buggy10/fail_0_multipass_v2,3938.89,1,0.987348611332,0.397442132666
566,designs/vga/buggy12/fail_0,5882.89,1,1.22371265629,0.545807189054
567,designs/vga/buggy12/fail_0_1pass,10778.33,0,1.0,1.0
568,designs/vga/buggy12/fail_0_multipass_DATE,2980.04,1,1.88256432815,0.276484390439
569,designs/vga/buggy12/fail_0_multipass_opt,3124.63,1,1.93068792846,0.28989927011
570,designs/vga/buggy12/fail_0_multipass_v2,3519.57,1,1.78951681826,0.326541310203
571,designs/vga/buggy13/fail_0,1188.36,1,1.21390291632,0.789880889078
572,designs/vga/buggy13/fail_0_1pass,1504.48,1,1.0,1.0
573,designs/vga/buggy13/fail_0_multipass_DATE,773.82,1,1.61176229747,0.514343826438
574,designs/vga/buggy13/fail_0_multipass_opt,1037.88,1,1.33506433963,0.68985961927
575,designs/vga/buggy13/fail_0_multipass_v2,674.91,1,1.76828412504,0.448600180793
576,designs/vga/buggy2/fail_0,1687.39,1,1.02550316397,1.88965911127
577,designs/vga/buggy2/fail_0_1pass,892.96,1,1.0,1.0
578,designs/vga/buggy2/fail_0_multipass_DATE,785.68,1,1.10001867801,0.8798602401
579,designs/vga/buggy2/fail_0_multipass_opt,741.51,1,1.09769140734,0.830395538434
580,designs/vga/buggy2/fail_0_multipass_v2,1429.93,1,1.06486193441,1.60133712596
581,designs/vga/buggy8/fail_0,1256.15,1,1.01787868068,1.17002449679
582,designs/vga/buggy8/fail_0_1pass,1073.61,1,1.0,1.0
583,designs/vga/buggy8/fail_0_multipass_DATE,754.96,1,1.15185113102,0.703197622973
584,designs/vga/buggy8/fail_0_multipass_opt,495.52,1,1.19403671629,0.461545626438
585,designs/vga/buggy8/fail_0_multipass_v2,524.98,1,1.16864080888,0.488985758329
586,designs/vga/random_bug_1/fail_0,2832.36,1,1.0343959283,0.315662070533
587,designs/vga/random_bug_1/fail_0_1pass,8972.76,1,1.0,1.0
588,designs/vga/random_bug_1/fail_0_multipass_DATE,2164.49,1,1.31022581316,0.241229008689
589,designs/vga/random_bug_1/fail_0_multipass_opt,2389.67,1,1.31289760179,0.266324965785
590,designs/vga/random_bug_1/fail_0_multipass_v2,2722.53,1,1.33865468959,0.303421689647
591,designs/vga/random_bug_11/fail_0,2888.5,1,0.882206633361,2.58081521059
592,designs/vga/random_bug_11/fail_0_1pass,1119.22,1,1.0,1.0
593,designs/vga/random_bug_11/fail_0_multipass_DATE,2125.11,1,0.972361113208,1.89874198102
594,designs/vga/random_bug_11/fail_0_multipass_opt,2229.87,1,0.99215943487,1.99234288165
595,designs/vga/random_bug_11/fail_0_multipass_v2,2718.2,1,0.923516493232,2.42865567091
596,designs/vga/random_bug_22/fail_0,4831.67,1,0.973449119237,2.80257655118
597,designs/vga/random_bug_22/fail_0_1pass,1724.01,1,1.0,1.0
598,designs/vga/random_bug_22/fail_0_multipass_DATE,1480.28,1,0.980886618132,0.858626110057
599,designs/vga/random_bug_22/fail_0_multipass_opt,2171.14,1,1.00860156385,1.25935464411
600,designs/vga/random_bug_22/fail_0_multipass_v2,2295.58,1,0.992710073466,1.33153519991
601,designs/vga/random_bug_25/fail_0,10100.33,0,0.846251171888,1.0289177565
602,designs/vga/random_bug_25/fail_0_1pass,9816.46,0,1.0,1.0
603,designs/vga/random_bug_25/fail_0_multipass_DATE,8522.74,1,1.03391124861,0.868209110005
604,designs/vga/random_bug_25/fail_0_multipass_opt,11196.08,0,1.00106499188,1.14054149867
605,designs/vga/random_bug_25/fail_0_multipass_v2,6752.96,1,0.882808718549,0.687922122639
606,designs/vga/random_bug_29/fail_1,40627.95,0,0.773115410786,8.41297730473
607,designs/vga/random_bug_29/fail_1_1pass,4829.2,0,1.0,1.0
608,designs/vga/random_bug_29/fail_1_multipass_DATE,4851.2,0,0.910705007186,1.00455561998
609,designs/vga/random_bug_29/fail_1_multipass_opt,26198.75,0,0.86390230568,5.42507040504
610,designs/vga/random_bug_29/fail_1_multipass_v2,8135.85,0,0.855470532189,1.68472003644
611,designs/vga/random_bug_6/fail_0,15282.39,0,0.9183610117,1.48756307527
612,designs/vga/random_bug_6/fail_0_1pass,10273.44,0,1.0,1.0
613,designs/vga/random_bug_6/fail_0_multipass_DATE,8347.17,1,1.2249385675,0.8125
614,designs/vga/random_bug_6/fail_0_multipass_opt,13600.33,0,1.06529512915,1.32383408089
615,designs/vga/random_bug_6/fail_0_multipass_v2,10275.09,0,1.15963992111,1.00016060833
616,designs/wb_dma/buggy1/fail_1,2875.72,1,7.80293497982,0.277694141686
617,designs/wb_dma/buggy1/fail_1_1pass,10355.71,0,1.0,1.0
618,designs/wb_dma/buggy1/fail_1_multipass_DATE,1886.01,1,12.3101499644,0.182122712977
619,designs/wb_dma/buggy1/fail_1_multipass_opt,2600.14,1,7.3237527233,0.251082735998
620,designs/wb_dma/buggy1/fail_1_multipass_v2,1746.29,1,12.3403051631,0.168630639522
621,designs/wb_dma/buggy10/fail_0,1581.82,1,3.03011080219,0.150401576068
622,designs/wb_dma/buggy10/fail_0_1pass,10517.31,0,1.0,1.0
623,designs/wb_dma/buggy10/fail_0_multipass_DATE,991.79,1,4.77543843436,0.0943007289887
624,designs/wb_dma/buggy10/fail_0_multipass_opt,1022.44,1,5.44323960669,0.0972149722693
625,designs/wb_dma/buggy10/fail_0_multipass_v2,900.29,1,5.41615396927,0.085600785752
626,designs/wb_dma/buggy10/fail_1,2848.63,1,1.83950072675,0.277626390505
627,designs/wb_dma/buggy10/fail_1_1pass,10260.66,0,1.0,1.0
628,designs/wb_dma/buggy10/fail_1_multipass_DATE,1901.71,1,2.5138999006,0.1853399294
629,designs/wb_dma/buggy10/fail_1_multipass_opt,1679.34,1,4.25205430735,0.163667834233
630,designs/wb_dma/buggy10/fail_1_multipass_v2,1092.01,1,5.93669397003,0.106426877023
631,designs/wb_dma/buggy2/fail_1,2184.26,1,2.28622476567,0.209408653952
632,designs/wb_dma/buggy2/fail_1_1pass,10430.61,0,1.0,1.0
633,designs/wb_dma/buggy2/fail_1_multipass_DATE,1582.65,1,3.29867294158,0.151731298553
634,designs/wb_dma/buggy2/fail_1_multipass_opt,2158.59,1,2.05770412808,0.206947628183
635,designs/wb_dma/buggy2/fail_1_multipass_v2,1022.16,1,2.74922194963,0.0979961862249
636,designs/wb_dma/buggy3/fail_0,2913.42,1,1.72665460906,0.280167787946
637,designs/wb_dma/buggy3/fail_0_1pass,10398.84,0,1.0,1.0
638,designs/wb_dma/buggy3/fail_0_multipass_DATE,1397.03,1,3.56600067317,0.134344792304
639,designs/wb_dma/buggy3/fail_0_multipass_opt,1780.4,1,2.64506516683,0.171211404349
640,designs/wb_dma/buggy3/fail_0_multipass_v2,1511.96,1,2.87560480988,0.145396986587
641,designs/wb_dma/buggy5/fail_0,2276.82,1,2.76345854953,0.218161225939
642,designs/wb_dma/buggy5/fail_0_1pass,10436.41,0,1.0,1.0
643,designs/wb_dma/buggy5/fail_0_multipass_DATE,1561.65,1,4.1066716327,0.149634788208
644,designs/wb_dma/buggy5/fail_0_multipass_opt,2347.91,1,2.42757461754,0.22497295526
645,designs/wb_dma/buggy5/fail_0_multipass_v2,1405.62,1,3.31552193839,0.13468424487
646,designs/wb_dma/buggy7/fail_0,1370.86,1,4.56692215774,0.129928991436
647,designs/wb_dma/buggy7/fail_0_1pass,10550.84,0,1.0,1.0
648,designs/wb_dma/buggy7/fail_0_multipass_DATE,690.1,1,4.39770369669,0.0654071145046
649,designs/wb_dma/buggy7/fail_0_multipass_opt,1040.72,1,5.3131745988,0.098638591809
650,designs/wb_dma/buggy7/fail_0_multipass_v2,795.49,1,3.87736304905,0.0753958926494
651,designs/wb_dma/buggy9/fail_0,711.48,1,0.747934296414,1.59574754407
652,designs/wb_dma/buggy9/fail_0_1pass,445.86,1,1.0,1.0
653,designs/wb_dma/buggy9/fail_0_multipass_opt,525.24,1,1.15473029823,1.17803794913
654,designs/wb_dma/buggy9/fail_0_multipass_v2,489.24,1,1.01843866215,1.09729511506
655,designs/wb_dma/random_bug_0/fail_1,7688.16,1,4.44160624508,0.756553031906
656,designs/wb_dma/random_bug_0/fail_1_1pass,10162.09,0,1.0,1.0
657,designs/wb_dma/random_bug_0/fail_1_multipass_DATE,3642.92,1,11.3927467672,0.358481375386
658,designs/wb_dma/random_bug_0/fail_1_multipass_opt,4732.89,1,7.81716434771,0.465739823206
659,designs/wb_dma/random_bug_0/fail_1_multipass_v2,3379.72,1,11.7582632474,0.332581191468
660,designs/wb_dma/random_bug_0/fail_2,3053.69,1,1.7185471835,0.286873949596
661,designs/wb_dma/random_bug_0/fail_2_1pass,10644.71,0,1.0,1.0
662,designs/wb_dma/random_bug_0/fail_2_multipass_DATE,1414.7,1,5.7111396989,0.132901694832
663,designs/wb_dma/random_bug_0/fail_2_multipass_opt,1520.72,1,6.09930538223,0.142861571617
664,designs/wb_dma/random_bug_0/fail_2_multipass_v2,1285.09,1,6.58345974557,0.120725693795
665,designs/wb_dma/random_bug_1/fail_1,1378.63,1,12.1942553066,0.129887883927
666,designs/wb_dma/random_bug_1/fail_1_1pass,10614.0,0,1.0,1.0
667,designs/wb_dma/random_bug_1/fail_1_multipass_DATE,801.99,1,13.577828,0.0755596382137
668,designs/wb_dma/random_bug_1/fail_1_multipass_opt,978.9,1,20.92641056,0.0922272470323
669,designs/wb_dma/random_bug_1/fail_1_multipass_v2,691.1,1,19.6238793448,0.0651121160732
670,designs/wb_dma/random_bug_10/fail_0,1120.21,1,2.74643641905,0.632726143071
671,designs/wb_dma/random_bug_10/fail_0_1pass,1770.45,1,1.0,1.0
672,designs/wb_dma/random_bug_10/fail_0_multipass_DATE,795.36,1,3.72078619128,0.449241718207
673,designs/wb_dma/random_bug_10/fail_0_multipass_opt,716.46,1,5.16789425131,0.404676777091
674,designs/wb_dma/random_bug_10/fail_0_multipass_v2,630.95,1,4.66914184145,0.356378321896
675,designs/wb_dma/random_bug_12/fail_0,1441.5,1,2.69678933608,0.135239730365
676,designs/wb_dma/random_bug_12/fail_0_1pass,10658.85,0,1.0,1.0
677,designs/wb_dma/random_bug_12/fail_0_multipass_DATE,898.26,1,6.36695859203,0.0842736317708
678,designs/wb_dma/random_bug_12/fail_0_multipass_opt,895.35,1,7.85776730464,0.0840006192038
679,designs/wb_dma/random_bug_12/fail_0_multipass_v2,729.03,1,10.1412503297,0.0683966844454
680,designs/wb_dma/random_bug_13/fail_0,510.12,1,7.96327087129,0.46641675048
681,designs/wb_dma/random_bug_13/fail_0_1pass,1093.7,1,1.0,1.0
682,designs/wb_dma/random_bug_13/fail_0_multipass_DATE,603.99,1,0.614458776259,0.552244674042
683,designs/wb_dma/random_bug_13/fail_0_multipass_opt,567.65,1,1.62243445105,0.519018012252
684,designs/wb_dma/random_bug_13/fail_0_multipass_v2,489.2,1,4.03682148485,0.447289018927
685,designs/wb_dma/random_bug_14/fail_0,968.94,1,3.97882408987,0.0910119008482
686,designs/wb_dma/random_bug_14/fail_0_1pass,10646.3,0,1.0,1.0
687,designs/wb_dma/random_bug_14/fail_0_multipass_DATE,670.64,1,2.61344598253,0.0629927768333
688,designs/wb_dma/random_bug_14/fail_0_multipass_opt,817.52,1,3.89248266612,0.0767891192245
689,designs/wb_dma/random_bug_14/fail_0_multipass_v2,650.03,1,3.16637545013,0.0610568930051
690,designs/wb_dma/random_bug_16/fail_0,822.73,1,3.83724191214,0.297647343991
691,designs/wb_dma/random_bug_16/fail_0_1pass,2764.11,1,1.0,1.0
692,designs/wb_dma/random_bug_16/fail_0_multipass_DATE,664.57,1,2.84373018621,0.24042820293
693,designs/wb_dma/random_bug_16/fail_0_multipass_opt,585.82,1,5.74409760012,0.211938019833
694,designs/wb_dma/random_bug_16/fail_0_multipass_v2,649.77,1,3.6204634525,0.235073857408
695,designs/wb_dma/random_bug_17/fail_0,997.42,1,2.65254150202,0.492314830354
696,designs/wb_dma/random_bug_17/fail_0_1pass,2025.98,1,1.0,1.0
697,designs/wb_dma/random_bug_17/fail_0_multipass_DATE,619.0,1,5.21392442952,0.305531150357
698,designs/wb_dma/random_bug_17/fail_0_multipass_opt,709.28,1,5.32534537218,0.35009230101
699,designs/wb_dma/random_bug_17/fail_0_multipass_v2,625.83,1,5.50413314577,0.308902358365
700,designs/wb_dma/random_bug_18/fail_0_multipass_opt,10165.66,0,2.93009021009,0.320169595406
701,designs/wb_dma/random_bug_18/fail_0_multipass_v2,9870.12,0,7.29410728032,0.310861501074
702,designs/wb_dma/random_bug_2/fail_0,2107.0,1,2.56111230347,0.19867106314
703,designs/wb_dma/random_bug_2/fail_0_1pass,10605.47,0,1.0,1.0
704,designs/wb_dma/random_bug_2/fail_0_multipass_DATE,1043.38,1,6.51438527928,0.0983813070048
705,designs/wb_dma/random_bug_2/fail_0_multipass_opt,1358.74,1,6.50161877505,0.12811690571
706,designs/wb_dma/random_bug_2/fail_0_multipass_v2,941.43,1,8.42328286808,0.0887683431286
707,designs/wb_dma/random_bug_2/fail_1,6926.09,1,1.77007545347,0.663052760163
708,designs/wb_dma/random_bug_2/fail_1_1pass,10445.76,0,1.0,1.0
709,designs/wb_dma/random_bug_2/fail_1_multipass_DATE,3060.17,1,2.79206126246,0.292958099746
710,designs/wb_dma/random_bug_2/fail_1_multipass_opt,2972.33,1,3.56815045483,0.284548946175
711,designs/wb_dma/random_bug_2/fail_1_multipass_v2,5475.96,1,1.65106646258,0.524228012131
712,designs/wb_dma/random_bug_3/fail_1,1458.07,1,2.34586830365,0.136799954215
713,designs/wb_dma/random_bug_3/fail_1_1pass,10658.41,0,1.0,1.0
714,designs/wb_dma/random_bug_3/fail_1_multipass_DATE,840.98,1,4.81996402507,0.0789029508154
715,designs/wb_dma/random_bug_3/fail_1_multipass_opt,869.66,1,5.63050722944,0.0815937836884
716,designs/wb_dma/random_bug_3/fail_1_multipass_v2,786.69,1,5.78198749136,0.0738093205274
717,designs/wb_dma/random_bug_5/fail_0,1129.43,1,2.26796446181,0.516773886545
718,designs/wb_dma/random_bug_5/fail_0_1pass,2185.54,1,1.0,1.0
719,designs/wb_dma/random_bug_5/fail_0_multipass_DATE,671.33,1,3.55579455123,0.307168937654
720,designs/wb_dma/random_bug_5/fail_0_multipass_opt,773.96,1,3.91725492976,0.354127584029
721,designs/wb_dma/random_bug_5/fail_0_multipass_v2,584.43,1,5.22905883473,0.267407597207
722,designs/wb_dma/random_bug_6/fail_0,1182.27,1,2.85593884176,0.518264429842
723,designs/wb_dma/random_bug_6/fail_0_1pass,2281.21,1,1.0,1.0
724,designs/wb_dma/random_bug_6/fail_0_multipass_DATE,667.63,1,5.43678881068,0.292664857685
725,designs/wb_dma/random_bug_6/fail_0_multipass_opt,876.91,1,4.35453162913,0.384405644373
726,designs/wb_dma/random_bug_6/fail_0_multipass_v2,618.19,1,6.8044163578,0.270992148903
727,designs/wb_dma/random_bug_7/fail_0,3769.52,1,1.65486910379,0.355150718023
728,designs/wb_dma/random_bug_7/fail_0_1pass,10613.86,0,1.0,1.0
729,designs/wb_dma/random_bug_7/fail_0_multipass_DATE,1494.17,1,7.68940745096,0.140775363534
730,designs/wb_dma/random_bug_7/fail_0_multipass_opt,1761.95,1,6.00281468976,0.166004639217
731,designs/wb_dma/random_bug_7/fail_0_multipass_v2,1605.01,1,7.27284253824,0.151218312659
732,designs/wb_dma/random_bug_8/fail_0,6365.0,1,3.0482729109,0.635078060223
733,designs/wb_dma/random_bug_8/fail_0_1pass,10022.39,0,1.0,1.0
734,designs/wb_dma/random_bug_8/fail_0_multipass_DATE,3008.25,1,4.44669901858,0.300152957528
735,designs/wb_dma/random_bug_8/fail_0_multipass_opt,4669.58,1,3.62186550276,0.465914816725
736,designs/wb_dma/random_bug_8/fail_0_multipass_v2,3584.83,1,3.84310638553,0.357682149667
